ClientIdentifier,Title,Surname,FirstName,Sex,DOB,AddressLine1,AddressLine2,AddressLine3,Suburb,State,PostCode,Country,PhoneBH,PhoneAH,Mobile,Email,TopTeamName,TeamName,TeamEndDate,TeamListPosition,StaffName,MaritalStatus,AccommodationStatus,EmploymentStatus,PensionStatus,IndigenousStatus,RegForCTG,LivingWith,Occupation,CountryOfBirth,Education,MainCultural,SecondaryCultural,LanguageHome,MigrationStatus,Residency,ResidUnit,Religion,PreferredLanguage,SpeakEnglish,InterpreterLanguage,Comment
1,Mr,Simpson,Homer,Male,1956/01/01 00:00:00,AddressLine1,AddressLine2,AddressLine3,,VIC,3825,Test Auto-Insert Country,12345678,22225555,,homer.simpson@spin.com.au,ORG NAME,TestTeam1,,1,,123456789012345678901234567890,Psychiatric hospital,Employed Part Time,Aged Pension,Neither,,Parents,Food Tradespersons,New Zealand,Year 8 or below,Australian Aboriginal,Polarian,Polarian,Migrant,13,Years,Brethren,English,Occasionally,Waffle,Hommer Comment
2,Mrs,Simpson,Marge,Female,1960-02-02 00:00:00,1 Simpson Lane,,,Simpson Valley,VIC,,Australia,,,+64 466 123 456,marge.simpson@gmail.com,ORG NAME,TestTeam1,2012-10-16 14:00:00,1,,,12345678901234567890123456789012345678901234567890123456789012345678901234567890,,Sickness benefit,Torres Strait Islander,0,,Intermediate Service Workers,Australia,,,,English,Won't show,,,Star Treker,,Very well,,
3,Miss,Bloggs,Barbara,Female,1958-03-01 00:00:00,20 Brick Lane,,,,,2232,,,1234567890,,,ORG NAME,TestTeam1,2012-09-05 09:00:00,1,,De-facto,TestAccomStat,Actively Searching,,,,De facto,Receptionist,At Sea,Certificate Level,Maori,English,Maori,,,,"Christian, nfd",Gibberish,,,Bloggs Comment
4,Little,Hood,Red,Female,1996-12-31 00:00:00,,,,,NSW,2795,Pretend Country,,1234 567-890,,,ORG NAME,TestTeam1,,1,TestStaff,Married,,TAFE full time,Single Mother Benefit,,,Spouse,,Marshall Islands,University,Pakeha,,,Non-Migrant,,,,,,,
HSGF484843,,Black,Katherine,Female,1999-04-30 00:00:00,23 Brick Lane,,,Collingwood,VIC,,Australia,,1234 5678,0433 345 678,katherine.black@google.com,ORG NAME,TestTeam1,,1,TestStaff,,Boarding/Rooming House,,,Aboriginal,1,,Secretaries and Personal Assistants,,Postgraduate Degree Level,,,,,,,Salvation Army,Greek,Not at all,Greek,
